{"0": ["cuts", "budget", "debt"], "1": ["guns", "weapons", "firearms"], "2": ["death", "judge", "prosecutors"], "3": ["gay", "marriage", "same-sex"], "4": ["energy", "oil", "gas"], "5": ["climate", "fish", "wildlife", "carbon"], "6": ["immigration", "immigrants", "citizenship"], "7": ["military", "pentagon", "army", "marine"], "8": ["spacecraft", "sun", "kepler"], "9": ["medicaid", "coverage", "insurance"], "10": ["earnings", "stocks", "investors"], "11": ["bank", "european", "china"], "12": ["abortion"], "13": ["music"], "14": ["baseball"], "15": ["economy"], "16": ["episode", "episodes", "viewers"], "17": ["golf"], "18": ["tennis"], "19": ["hockey"], "20": ["football"], "21": ["dance"], "22": ["movies"], "23": ["soccer"], "24": ["surveillance", "intelligence", "snowden"], "25": ["basketball"]}