{"0": ["atheism", "atheists", "rushdie"], "1": ["jpeg", "gif", "images", "graphics"], "2": ["driver", "microsoft", "dos", "windows"], "3": ["scsi", "ide", "controller", "drive"], "4": ["apple", "mac", "centris", "powerbook"], "5": ["motif", "x11r5", "xterm", "window"], "6": ["sale", "offer", "shipping", "forsale"], "7": ["car", "mustang"], "8": ["bike", "dod", "bikes"], "9": ["baseball"], "10": ["hockey", "nhl"], "11": ["encryption", "clipper", "key", "chip"], "12": ["circuit", "current", "wire", "voltage"], "13": ["candida", "msg", "vitamin"], "14": ["space", "shuttle", "orbit"], "15": ["jesus", "christ", "church", "bible"], "16": ["weapons", "gun", "guns", "firearms"], "17": ["armenian", "israeli", "turkish", "arab"], "18": ["stephanopoulos", "cramer", "clayton", "gay"], "19": ["weiss", "malcolm", "sandvik", "jehovah"]}